{"cameraMode":{"drawMode":0,"name":"Shaded","section":"Shading Mode"},"sceneLighting":true,"audioPlay":false,"sceneViewState":{"showFog":true,"showMaterialUpdate":false,"showSkybox":true,"showFlares":true,"showImageEffects":true,"showParticleSystems":true},"in2DMode":false,"pivot":{"x":2.2758092880249025,"y":0.1107904389500618,"z":6.174310684204102},"rotation":{"x":0.005937304347753525,"y":0.6109614372253418,"z":0.004582322668284178,"w":-0.7916244864463806},"size":0.2375660538673401,"orthographic":false}