{"cameraMode":{"drawMode":0,"name":"Shaded","section":"Shading Mode"},"sceneLighting":true,"audioPlay":false,"sceneViewState":{"showFog":true,"showMaterialUpdate":false,"showSkybox":true,"showFlares":true,"showImageEffects":true,"showParticleSystems":true},"in2DMode":false,"pivot":{"x":-3.2387876510620119,"y":2.522148609161377,"z":-4.2107343673706059},"rotation":{"x":-0.00479675829410553,"y":-0.6007065773010254,"z":-0.0036042993888258936,"w":0.7994471192359924},"size":10.220017433166504,"orthographic":false}