{"cameraMode":{"drawMode":0,"name":"Shaded","section":"Shading Mode"},"sceneLighting":true,"audioPlay":false,"sceneViewState":{"showFog":true,"showMaterialUpdate":false,"showSkybox":true,"showFlares":true,"showImageEffects":true,"showParticleSystems":true},"in2DMode":false,"pivot":{"x":0.5999999642372131,"y":-1.4800000190734864,"z":8.869999885559082},"rotation":{"x":0.02520349621772766,"y":-0.7134041786193848,"z":0.025694886222481729,"w":0.6998343467712402},"size":11.667262077331543,"orthographic":true}